{
  

    "bal": {
        "x": 44.01480679519574,
        "y": 52.060688364253195,
        "width": 3.1884510693414163,
        "height": 19.060158677140528
    },


    "doel": [
        [4.355885078776645, 0.5747126436781609],
        [7.970342910101946, 2.873563218390804],
        [19.184430027803522, 9.195402298850574],
        [33.364226135310474, 14.942528735632186],
        [51.06580166821131, 17.24137931034483],
        [67.46987951807229, 15.517241379310345],
        [79.9814643188137, 10.919540229885058],
        [91.28822984244671, 6.896551724137931],
        [95.9221501390176, 4.022988505747127],
        [96.57089898053754, 14.942528735632186],
        [97.31232622798888, 43.10344827586206],
        [98.60982391102873, 86.20689655172411],
        [98.88785912882298, 99.42528735632185],
        [1.3901760889712698, 99.42528735632185],
        [2.5023169601482853, 57.47126436781609],
        [3.429101019462465, 22.988505747126432]
    ]

}
